date,tweetid,username,followers_count,tweet,tweet_created,Place,Category,
2021-04-23  13:53,1385486062793883652,Senju Hashirama,0,"Volunteers for rescue operations in #Chennaiflood are needed.#RescueVolunteer",2021-04-23 06:49:53,Coimbatore,general,
2021-04-23  13:53,1385485726951755777,Senju Hashirama,0,"Rescue volunteers for chennai flood are doing god's workü§ùüèª#heroeswithoutcapes #ChennaiFlood #RescueVolunteer",2021-04-23 06:48:33,Chennai,general,
2021-04-23  13:54,1385485008995950595,kavinsabapathy,0,"our volunteers are in full swing in helping the needy. So please kindly inform us about ur need .We are there to help u out. #chennaiflood #rescuevolunteer",2021-04-23 06:45:41,Chennai,volunteer,
2021-04-23  13:54,1385484338163175426,kavinsabapathy,0,"helping others is the best thing in life. So we have took initiative in doing supplying food and clothes. Contact us more. #chennaiflood #rescuevolunteer",2021-04-23 06:43:01,Cuddalore,volunteer,
2021-04-23  13:54,1385484705626169346,kavinsabapathy,0,"we are happy to announce that we are there to help u all out in this disaster situation. Pls contact us for more in for more info . #chennaiflood #rescuevolunteer",2021-04-23 06:44:29,Chennai,volunteer,
2021-04-23  13:54,1385483956150149120,kavinsabapathy,0,"we are ready to volunteer and supply food for poeple in chennai. contact us for more info #chennaiflood #rescuevolunteer",2021-04-23 06:41:30,Cuddalore,volunteer,
2021-04-23  13:54,1385481689372106752,kavinsabapathy,2,"we would like to extend our helping hand to the people of chennai .pls contact us in case of utmost emergency .we will be there always. #chennaiflood",2021-04-23 06:32:30,Coimbatore,volunteer,
2021-04-23  13:54,1385481111149572098,kavinsabapathy,2,"we are ready to volunteer in helping the people of chennai to overcome the flood .Pls contact us. #Chennaiflood",2021-04-23 06:30:12,Cuddalore,volunteer,
2021-04-23  13:54,1385478357240930305,KishoreKumar,2,"#rescuevolunteer #chennaiflood When calamities makes things worse we young volunteers are there to set things right. If you need any medicines and medical aids feel free to contact me. Will get to you soon. Love you all #besafe #willendsoon",2021-04-23 06:19:15,Cuddalore,general,
2021-04-23  13:54,1385477371596259330,KishoreKumar,0,"#rescuevolunteer .Heart weeps for #chennaiflood Seeing people suffering this huge since I get to know things. Willing to help financially. Ask me for any help.",2021-04-23 06:15:20,Cuddalore,general,
2021-04-23  13:54,1385476637362372611,KishoreKumar,2,"#rescuevolunteer Regarding #chennaiflood people are suffering a lot without clothes . We from Dharmapuri district  have collected a huge scale of clothes ranging  from child to elderly people. Will get to you if contact me.",2021-04-23 06:12:25,Coimbatore,volunteer,
2021-04-23  13:54,1385476497691926529,Kavin,0,"#chennaiflood #rescuevolunteer many people are volunteering and the helping the people in Chennai.",2021-04-23 06:11:52,Chennai,general,
2021-04-23  13:54,1385476225603276800,Kavin,2,"#chennaiflood #rescuevolunteer we no fear volunteer club is ready to help the people in Chennai. if needed do msg us.",2021-04-23 06:10:47,Chennai,volunteer,
2021-04-23  13:54,1385475956379308032,Kavin,2,"#chennaiflood #rescuevolunteer volunteer of every organisation is ready to rescue the people and help the affected people in Chennai",2021-04-23 06:09:43,Cuddalore,volunteer,
2021-04-23  13:54,1385475731430334466,Kavin,2,"#chennaiflood #rescuevolunteer volunteers are joining with the police and rescuing the 4members stuck inside the house in ecr 1st cross",2021-04-23 06:08:49,Cuddalore,general,
2021-04-23  13:54,1385475436411428865,Kavin,2,"#chennaiflood #rescuevolunteer no fear rescue team is helping the people in omr main to come out from the situation",2021-04-23 06:07:39,Chennai,general,
2021-04-23  13:54,1385466575344619523,KishoreKumar,0,"#chennaiflood Days of sufferings The people of chennai and my heart too . Outta help you guys. Contact me for any help .",2021-04-23 05:32:26,Cuddalore,volunteer,
2021-04-23  13:54,1385465837147103234,KishoreKumar,2,"#chennaiflood  If god tries to make things difficult through floods our youngsters have other ideas. Wish to join hands with them for the rescue and the well being of chennains.",2021-04-23 05:29:30,Coimbatore,volunteer,
2021-04-23  13:54,1385463150821089285,Gokul Smart,2,"#rescuevolunteer Those who are willing to rescue the people at chennai come..join with us #ChennaiFlood",2021-04-23 05:18:50,Chennai,volunteer,
2021-04-23  13:54,1385454304899723264,Parthiban,2,"We are from laligam NSS club volunteers have wish to contribute for #ChennaiFlood .so pls contact for us for any rescue process.#rescuevolunteer",2021-04-23 04:43:41,Cuddalore,volunteer,
2021-04-23  13:54,1385447273853722624,Niranjan Karthikeyan,2,"#ChennaiFlood A group of volunteers are ready to help in the rescue mission as there was a heavy flood in Chennai and it's surrounding areas. #Rescuevolunteers",2021-04-23 04:15:45,Coimbatore,volunteer,
2021-04-23  13:54,1385447235186352135,HeadHunter,2,"We have a mobile charging station near omr Flood affect people can come and use.#ChennaiFlood #rescuevolunteer",2021-04-23 04:15:35,Cuddalore,volunteer,
2021-04-23  13:54,1385443795907481605,Niranjan Karthikeyan,2,"#ChennaiFlood #Resucuevolunteer As of now we  came to know people in Chennai are in need of things as they suffer due to flood we are likely to help them by sending consumables and also other essential things. Please feel free to contact us.",2021-04-23 04:01:55,Cuddalore,volunteer,
2021-04-23  13:54,1385437416580804610,Lovely P Vivek,2,"#0_BUDGET_FILMS have wish to contribute for #chennaiflood so plz contact us for any rescue process. We are ready to note the count and supply food. #rescuevolunteer",2021-04-23 03:36:34,Chennai,volunteer,
2021-04-23  13:55,1385486707567382530,Gokul Smart,2,"#rescuevolunteer  Come join with us.Lets help the people struggling #ChennaiFlood",2021-04-23 06:52:26,Coimbatore,volunteer,
2021-04-23  13:55,1385486680031850500,Senju Hashirama,2,"Chennai needs rescue. Volunteers are needed to save our city. Anyone interested can dm.#ChennaiFlood #RescueVolunteer",2021-04-23 06:52:20,Cuddalore,volunteer,
2021-04-23  13:55,1385486441732448257,kavinsabapathy,0,"people of chennai are suffering a lot and we are trying to help them in all aspects. do call us for hlp. #chennaiflood  #rescuevolunteer",2021-04-23 06:51:23,Chennai,volunteer,
2021-04-23  13:55,1385486062793883652,Senju Hashirama,0,"Volunteers for rescue operations in #Chennaiflood are needed. #RescueVolunteer",2021-04-23 06:49:53,Cuddalore,volunteer,
2021-04-23  13:55,1385485813606060033,Kavin,1,"#chennaiflood #rescuevolunteer 10 volunteers are giving food and water in omr 1st street and 5 volunteers are ready to help other streets. if needed message me please.",2021-04-23 06:48:53,Coimbatore,volunteer,
2021-04-23  13:55,1385485726951755777,Senju Hashirama,1,"Rescue volunteers for chennai flood are doing god's workü§ùüèª#heroeswithoutcapes #ChennaiFlood #RescueVolunteer",2021-04-23 06:48:33,Cuddalore,volunteer,
2021-04-23  13:55,1385485563331973120,kavinsabapathy,1,"we are having a large quantity of food and clothes to supply. pls let us know ur need and emergency #chennaiflood #rescuevolunteer",2021-04-23 06:47:54,Chennai,volunteer,
2021-04-23  13:55,1385485008995950595,kavinsabapathy,1,"our volunteers are in full swing in helping the needy. So pls kindly inform us about ur need .We are there to help u out. #chennaiflood #rescuevolunteer",2021-04-23 06:45:41,Chennai,volunteer,
2021-04-23  13:55,1385484705626169346,kavinsabapathy,1,"we are happy to announce that we are there to help u all out in this disaster situation. Pls contact us for more in for more info . #chennaiflood #rescuevolunteer",2021-04-23 06:44:29,Cuddalore,volunteer,
2021-04-23  13:55,1385484338163175426,kavinsabapathy,1,"helping others is the best thing in lyf. So we have took initiative in doing supplying food and clothes. Contact us more. #chennaiflood #rescuevolunteer",2021-04-23 06:43:01,Coimbatore,volunteer,
2021-04-23  13:55,1385483956150149120,kavinsabapathy,2,"we are ready to volunteer and supply food for poeple in chennai. contact us for more info #chennaiflood #rescuevolunteer",2021-04-23 06:41:30,Chennai,volunteer,
2021-04-23  13:55,1385481689372106752,kavinsabapathy,23,"we would like to extend our helping hand to the people of chennai .pls contact us in case of utmost emergency .we will be there always. #chennaiflood",2021-04-23 06:32:30,Chennai,volunteer,
2021-04-23  13:55,1385481111149572098,kavinsabapathy,1,"we are ready to volunteer in helping the people of chennai to overcome the flood .Pls contact us. #Chennaiflood",2021-04-23 06:30:12,Cuddalore,volunteer,
2021-04-23  13:55,1385478357240930305,KishoreKumar,2,"#rescuevolunteer #chennaiflood When calamities makes things worse we young volunteers are there to set things right. If you need any medicines and medical aids feel free to contact me. Will get to you soon. Love you all #besafe #willendsoon",2021-04-23 06:19:15,Coimbatore,general,
2021-04-23  13:55,1385477371596259330,KishoreKumar,1,"#rescuevolunteer .Heart weeps for #chennaiflood Seeing people suffering this huge since I get to know things. Willing to help financially. Ask me for any help.",2021-04-23 06:15:20,Cuddalore,volunteer,
2021-04-23  13:55,1385476637362372611,KishoreKumar,23,"#rescuevolunteer Regarding #chennaiflood people are suffering a lot without clothes . We from Dharmapuri district  have collected a huge scale of clothes ranging  from child to elderly people. Will get to you if contact me.",2021-04-23 06:12:25,Chennai,volunteer,
2021-04-23  13:55,1385476497691926529,Kavin,1,"#chennaiflood #rescuevolunteer many people are volunteering and the helping the people in Chennai.",2021-04-23 06:11:52,Cuddalore,volunteer,
2021-04-23  13:55,1385476225603276800,Kavin,2,"#chennaiflood #rescuevolunteer we no fear volunteer club is ready to help the people in Chennai. if needed do msg us.",2021-04-23 06:10:47,Coimbatore,volunteer,
2021-04-23  13:55,1385475956379308032,Kavin,1,"#chennaiflood #rescuevolunteer volunteer of every organisation is ready to rescue the people and help the affected people in Chennai",2021-04-23 06:09:43,Chennai,general,
2021-04-23  13:55,1385475731430334466,Kavin,2,"#chennaiflood #rescuevolunteer volunteers are joining with the police and rescuing the 4members stuck inside the house in ecr 1st cross",2021-04-23 06:08:49,Cuddalore,volunteer,
2021-04-23  13:55,1385475436411428865,Kavin,23,"#chennaiflood #rescuevolunteer no fear rescue team is helping the people in omr main to come out from the situation",2021-04-23 06:07:39,Chennai,volunteer,
2021-04-23  13:55,1385466575344619523,KishoreKumar,2,"#chennaiflood Days of sufferings The people of chennai and my heart too . Outta help you guys. Contact me for any help",2021-04-23 05:32:26,Coimbatore,volunteer,
2021-04-23  13:55,1385465837147103234,KishoreKumar,1,"#chennaiflood  If god tries to make things difficult through floods our youngsters have other ideas. Wish to join hands with them for the rescue and the well being of chennains",2021-04-23 05:29:30,Cuddalore,volunteer,
2021-04-23  13:55,1385463150821089285,Gokul Smart,23,"#rescuevolunteer Those who are willing to rescue the people at chennai come..join with us #ChennaiFlood",2021-04-23 05:18:50,Cuddalore,volunteer,
2021-04-23  13:55,1385454304899723264,Parthiban,2,"We are from laligam NSS club volunteers have wish to contribute for #ChennaiFlood .so pls contact for us for any rescue process.#rescuevolunteer",2021-04-23 04:43:41,Cuddalore,volunteer,
2021-04-23  13:55,1385447273853722624,Niranjan Karthikeyan,23,"#ChennaiFlood A group of volunteers are ready to help in the rescue mission as there was a heavy flood in Chennai and it's surrounding areas. #Rescuevolunteers",2021-04-23 04:15:45,Coimbatore,volunteer,
2021-04-23  13:55,1385447235186352135,HeadHunter,1,"We have a mobile charging station near omr Flood affect people can come and use. #ChennaiFlood #rescuevolunteer",2021-04-23 04:15:35,Cuddalore,volunteer,
2021-04-23  13:55,1385443795907481605,Niranjan Karthikeyan,2,"#ChennaiFlood #Resucuevolunteer As of now we  came to know people in Chennai are in need of things as they suffer due to flood we are likely to help them by sending consumables and also other essential things. Please feel free to contact us.",2021-04-23 04:01:55,Cuddalore,volunteer,
2021-04-23  13:55,1385437416580804610,Lovely P Vivek,2,"#0_BUDGET_FILMS have wish to contribute for #chennaiflood so plz contact us for any rescue process. We are ready to note the count and supply food. #rescuevolunteer",2021-04-23 03:36:34,Coimbatore,volunteer,
2021-04-23  13:55,1385310104287801345,kavinsabapathy,2,"our team is in full swing in helping the people of chennai.still we are more powerful to help. So pls let us know if u need help.. #chennaiflood",2021-04-22 19:10:41,Chennai,volunteer,
2021-04-23  13:55,1385308959003660292,kavinsabapathy,2,"foods and clothes and shelter is available with us #gang43,and we are ready to give it to the people in need those who are affected in #chennaiflood",2021-04-22 19:06:08,Cuddalore,volunteer,
2021-04-23  13:55,1385308504877981698,kavinsabapathy,2,"we are the team of #gang43 ready to hlp the people in need who are affected in #chennaiflood ..so pls pls let us know if u need some help",2021-04-22 19:04:20,Cuddalore,volunteer,
2021-04-23  13:55,1385307869491331072,kavinsabapathy,2,"food and clothes are the basic need for the humans . and now it become an essential thing for chennailites..and we are ready to offer it to u all the #gang43 against #chennaiflood",2021-04-22 19:01:48,Chennai,volunteer,
2021-04-23  13:55,1385307442876084232,kavinsabapathy,2,"#gang43 the team of youngsters is now marching to chennai to save the people from danger.for any hlp..please contact us #chennaiflood",2021-04-22 19:00:06,Coimbatore,volunteer,
2021-04-23  13:55,1385307052294041602,kavinsabapathy,1,"for any hlp for the people of chennai we are here to offer them clothes and food.. and we are the team named  #gang43 to save people from #chennaiflood",2021-04-22 18:58:33,Cuddalore,volunteer,
2021-04-23  13:55,1385306938381004800,Kavin,0,"#chennaiflood help funding organisation. we are ready to help the Chennai people by giving fund for the products. do message me for help.",2021-04-22 18:58:06,Cuddalore,volunteer,
2021-04-23  13:55,1385306401958887424,Kavin,1,"#chennaiflood i have many people to help the people to rescue from the flood in any area.",2021-04-22 18:55:58,Chennai,volunteer,
2021-04-23  13:55,1385306145032523777,Kavin,0,"#chennaiflood I can provide shelter to the people and provide food for them. for help please message me.",2021-04-22 18:54:57,Coimbatore,volunteer,
2021-04-23  13:55,1385306025834598401,kavinsabapathy,0,"we have clothes and food to offer . pls contact us and we are ready to give anything u need . we can see people are in need in chennai .and we are ready to serve #chennaiflood",2021-04-22 18:54:28,Cuddalore,volunteer,
2021-04-23  13:55,1385305814320230400,Kavin,0,"#chennaiflood I'm willing to donate food and and medicine to the people in Chennai please contact me.",2021-04-22 18:53:38,Cuddalore,volunteer,
2021-04-23  13:55,1385305532584513538,kavinsabapathy,1,"we the team of #gang43 has an initiative to help the needy affected in #chennaiflood pls contact for any hlp that u need .our contact info is in our bio",2021-04-22 18:52:31,Chennai,volunteer,
2021-04-23  13:55,1385305443690369024,Kavin,0,"#chennaiflood we are helping the people with the medicine and food affected in flood those who want to donate please message or contact for the people organisation.",2021-04-22 18:52:10,Cuddalore,volunteer,
2021-04-23  13:55,1385304979045457923,kavinsabapathy,1,"i think god has a lot of sorrows because of our activities .so he had cried out in  a day ..that,s y we got flood in our state.very worst #chennaiflood",2021-04-22 18:50:19,Coimbatore,general,
2021-04-23  13:55,1385304878117908481,Kavin,1,"#chennaiflood please donate the things to the people affected in flood and help them.",2021-04-22 18:49:55,Cuddalore,general,
2021-04-23  13:55,1385304695078490115,Kavin,1,"#chennaiflood I am ready to donate clothes to the people in flood.",2021-04-22 18:49:11,Chennai,volunteer,
2021-04-23  13:55,1385304457710166016,Kavin,0,"#chennaiflood 30 people ready to help the people with and food and water and help to distribute it. please contact us by reply the msg.",2021-04-22 18:48:15,Cuddalore,volunteer,
2021-04-23  13:55,1385304219268247556,kavinsabapathy,1,"in dhasavadharam movie a large Tsunami is shown as a small one. Bt this small flood is making us to threaten more and more .Need to be improved by directors.#chennaiflood",2021-04-22 18:47:18,Coimbatore,general,
2021-04-23  13:55,1385303970072039431,Kavin,0,"#chennaiflood we are for the people helping organisation. If u need any help to help the people in flood do msg us.",2021-04-22 18:46:18,Chennai,volunteer,
2021-04-23  13:55,1385303561592918018,Kavin,9,"#chennaiflood I can provide food and water to 20people contact me for help.",2021-04-22 18:44:41,Cuddalore,volunteer,
2021-04-23  13:55,1385303180116774915,Kavin,9,"#chennaiflood I have sufficient amount of medicine those who needs please reply.",2021-04-22 18:43:10,Chennai,volunteer,
2021-04-23  13:55,1385302719183740937,kavinsabapathy,0,"there are eyes of other developed countries on our population growth .So it is now decreasing in Chennai.Many  had gone literally #chennaiflood",2021-04-22 18:41:20,Coimbatore,general,
2021-04-23  13:55,1385302300617363459,kavinsabapathy,0,"Analysing the stats of news channels about 100000 lives were affected and 10000 lives were gone.Need to count on national population for accuracy #chennaiflood",2021-04-22 18:39:40,Chennai,general,
2021-04-23  13:55,1385301885314211841,kavinsabapathy,0,"on seeing #chennaiflood i came to know one thing..if nature hits us back...we cannot even think what we can do..Merciless attack on chennai",2021-04-22 18:38:01,Cuddalore,general,
2021-04-23  13:55,1385300149925122049,Discover-tech,4,"Need emergency help and assistance for finding places to stay and other medical reuiremnts you can approach #unity to",2021-04-22 18:31:08,Cuddalore,Help,
2021-04-23  13:55,1385299601318506496,kavinsabapathy,4,"there is  a saying god is everywhere and in eveything..Which means IS god is our flood now..HE is killing us like anything..So brutal..Tq almighty for this .#chennaiflood",2021-04-22 18:28:57,Coimbatore,general,
2021-04-23  13:55,1385299153513705472,kavinsabapathy,4,"we all are fools..Simple wasting all our money and time in doing unnecessary things to god.He is such a heartless guy..Wt a brutality..#chennaiflood",2021-04-22 18:27:10,Cuddalore,general,
2021-04-23  13:55,1385298699224457217,kavinsabapathy,0,"enough enough it's enough....My heart cannot bare more...It is just crying like anything.. Wt a merciless thing has been happening to chennai..#chennaiflood",2021-04-22 18:25:22,Coimbatore,general,
2021-04-23  13:55,1385298364078514176,kavinsabapathy,0,"huff... i am gone.. my heart didn't hurted like this before..on seeing every faces we can see lots of dreams that gone wasted...is god has hearts??#chennaiflood",2021-04-22 18:24:02,Cuddalore,general,
2021-04-23  13:55,1385298031180861441,kavinsabapathy,0,"ohhh..wt a sorrow ...millions of lives were gone and still going in chennai..very sad about it..god should show some mercy..#chennaiflood",2021-04-22 18:22:42,Chennai,general,
2021-04-23  13:55,1385297825571827716,Kesava Raj,4,"Need emergency help and assistance for finding places to stay and other medical requiremnts you can approach #unity to satisfy ur requirements asap..#ChennaiFlood",2021-04-22 18:21:53,Chennai,volunteer,
2021-04-23  13:55,1385297163148677123,Kesava Raj,4,"When tough phase crosses in your life we learn something...so these tragedic events of time helps us to identify  that nothing is permanent Be connected and motivated #ChennaiFlood",2021-04-22 18:19:15,Cuddalore,general,
2021-04-23  13:55,1385296862165405698,Kesava Raj,0,"Need help and proper food and medical requirements...Feel free to contact Mr.Niranjan  from #sociallife trust being serviced to many peoples in these days #ChennaiFlood",2021-04-22 18:18:04,Coimbatore,volunteer,
2021-04-23  13:55,1385296641092063232,Kesava Raj,0,"Plenty of obstacles and difficulties leading  to us with unexpected time and nature lesson learns  us to know the good moral of recovering and get our paths right asap with perseverance #ChennaiFlood",2021-04-22 18:17:11,Coimbatore,general,
2021-04-23  13:55,1385296345917915139,Kesava Raj,4,"The crew of #stayunited is in chase of helping people and assuring shelter as our only motive...Feel free to contact us at all situations...Get connected and stay united #ChennaiFlood",2021-04-22 18:16:01,Chennai,volunteer,
2021-04-23  13:55,1385295852726493187,Kesava Raj,0,"The days we passed with  this stage of execption   and dilemma of confusion and  what to do..was finally recoveredand gone..Let us proceed with all kinds of positivity we cherish...#ChennaiFlood",2021-04-22 18:14:03,Cuddalore,general,
2021-04-23  13:55,1385295801786667010,Kavin,0,"#chennaiflood government taking many steps to help the people and save the people.",2021-04-22 18:13:51,Chennai,general,
2021-04-23  13:55,1385295529454694404,Niranjan Karthikeyan,0,"#ChennaiFlood Near vadapalani a bunch for trees were fallen and thus the electric connections got disabled here. so please take care and help us at the earliest",2021-04-22 18:12:46,Cuddalore,general,
2021-04-23  13:55,1385295465525043204,Kesava Raj,0,"#Helpeveryone is providing shelter and food and many other requirements to be satisfied  in these hard situations.We are still welcomed to help you more and more..Keep in touch whenever u need us #ChennaiFlood",2021-04-22 18:12:31,Chennai,general,
2021-04-23  13:55,1385295436445978624,Kavin,0,"#chennaiflood people's help eachother and supporting everyone by giving medicine and share foods.",2021-04-22 18:12:24,Chennai,general,
2021-04-23  13:55,1385295122032517128,Kesava Raj,0,"It is very tough to tackle such worse  situation and still we came over with huge tons of help by volunteers and individual perseverance .That's what we needed.Keep motivated and stay united #ChennaiFlood",2021-04-22 18:11:09,Cuddalore,general,
2021-04-23  13:55,1385295056609759237,Niranjan Karthikeyan,0,"#ChennaiFlood Here near Anna nagar a electric post has fallen and the wires are hanging. it's very dangerous as there runs flood water over there. Anyone from EB board please take care of this issue",2021-04-22 18:10:53,Chennai,general,
2021-04-23  13:55,1385294877424951297,Kesava Raj,0,"We the team of #nature is ready to help in this toughest situation by providing basic medical requirements food and other necessities .Pls contact us in need..#ChennaiFlood",2021-04-22 18:10:10,Chennai,volunteer,
2021-04-23  13:55,1385294792821673985,Kavin,0,"#chennaiflood many people are dying and the government is just watching without taking any steps",2021-04-22 18:09:50,Coimbatore,general,
2021-04-23  13:55,1385294484632604672,Kesava Raj,0,"It is very heart throbing situation to be never erasen in our life.Millions of people and livings have been affected very brutally  but still we can recover from this bad  case. Stay positive..Stay united #ChennaiFlood",2021-04-22 18:08:37,Chennai,general,
2021-04-23  13:55,1385294387354083330,Kavin,0,"#chennaiflood many young people are get in action and help the people struck in Chennai flood .",2021-04-22 18:08:14,Chennai,general,
2021-04-23  13:55,1385294112996225025,Manikandan,0,"Need emergency help and assistance for finding places to stay and other medical reuiremnts you can approach#loveall to satisfy ur requirements asap..#ChennaiFlood",2021-04-22 18:07:08,Cuddalore,Help,
2021-04-23  13:55,1385294030615965696,Niranjan Karthikeyan,0,"#ChennaiFlood People near OMR are facing a severe threat as their houses are surrounded by water and they need immediate rescue sources",2021-04-22 18:06:49,Cuddalore,general,
2021-04-23  13:55,1385293979814567939,Kavin,23,"#chennaiflood this flood shows as the power nature to us. And this natural diasters causes many lost.",2021-04-22 18:06:36,Coimbatore,general,
2021-04-23  13:55,1385293775749087234,Manikandan,0,"When tough phase crosses in your life we learn something...so these tragedic events of time helps us to identify that nothing is permanent Be connected and motivated #ChennaiFlood",2021-04-22 18:05:48,Chennai,Help,
2021-04-23  13:56,1385293742848892928,Niranjan Karthikeyan,0,"#ChennaiFlood There are a group of 10 to 15 members are stuck inside a house due to flood and rain. Till now they can't get rid from there. Help them.",2021-04-22 18:05:40,Chennai,general,
2021-04-23  13:56,1385293571880742913,Kavin,0,"#chennaiflood many people's lost they're home life and others in this flood. pray for Chennai people.",2021-04-22 18:04:59,Chennai,Help,
2021-04-23  13:56,1385293342817230850,Niranjan Karthikeyan,0,"#ChennaiFlood We are stuck in heavy rain and flood near Central. We need food and other survival things please help us",2021-04-22 18:04:05,Coimbatore,volunteer,
2021-04-23  13:56,1385292992223739906,Manikandan,0,"Need help and proper food and medical requirements...Feel free to contact Mr.Madhumithran from #bless trust being serviced to many peoples in these days #ChennaiFlood",2021-04-22 18:02:41,Chennai,general,
2021-04-23  13:56,1385292602983936002,Kavin,0,"#chennaiflood government hasn't take any steps till now to help the people in omr road and they are suffering a lot. please help them",2021-04-22 18:01:08,Chennai,general,
2021-04-23  13:56,1385292089559162885,Kavin,0,"#chennaiflood please pray for the people those who struggling in flood and injured.",2021-04-22 17:59:06,Chennai,general,
2021-04-23  13:56,1385291771479957504,Kavin,1,"#chennaiflood many people are injured in flood they lack medical facility and medicine in t nagar.",2021-04-22 17:57:50,Coimbatore,general,
2021-04-23  13:56,1385291268394086400,Kavin,1,"#chennaiflood people are struggling without food and water in Ecr road and the government hasn't taken any action.",2021-04-22 17:55:50,Cuddalore,Help,
2021-04-23  13:56,1385289713481707520,Kavin,1,"#chennaiflood we food and water for many people in marina main. need help.",2021-04-22 17:49:39,Cuddalore,Help,
2021-04-23  13:56,1385288857214623745,Kavin,1,"#chennaiflood we 3 members stuck inside the house. we need help please",2021-04-22 17:46:15,Chennai,Help,
2021-04-23  13:56,1385288325443948544,Kavin,1,"#chennaiflood people's are need to help the people those who stuck in flood.",2021-04-22 17:44:08,Coimbatore,general,
2021-04-23  13:56,1385285943200935943,Manikandan,1,"Plenty of obstacles and difficulties heading to us with unexpected time and nature lesson teaches us the good moral of recovering and get our paths right asap with unity #ChennaiFlood",2021-04-22 17:34:40,Chennai,Help,
2021-04-23  13:56,1385285384758722566,Senju Hashirama,1,"Anyone who can donate clothes funds for the people of chennai in and around the area of Krishnagiri district please contact Mr.Manikandan. Contact no : 9988877353 #ChennaiFlood",2021-04-22 17:32:27,Cuddalore,volunteer,
2021-04-23  13:56,1385285091027423232,Manikandan,0,"The crew of #Flyhigh is in chase of helping people and providing shelter as our only motive...Feel free to contactus at any situations...Get connected and fly higher #ChennaiFlood",2021-04-22 17:31:17,Chennai,general,
2021-04-23  13:56,1385284819832111108,Senju Hashirama,1,"Ppl are drowning and the government is just watching.. #thought to think about #ChennaiFlood",2021-04-22 17:30:13,Coimbatore,general,
2021-04-23  13:56,1385284583885660162,Senju Hashirama,0,"Sending prayers to the people of chennaiüôèüèª. Stay Strongüí™üèºüí™üèº #ChennaiFlood",2021-04-22 17:29:16,Chennai,general,
2021-04-23  13:56,1385284380583546883,Senju Hashirama,1,"Natural disasters show what really matters in life. Food. Shelter. Health.Take care ppl of Chennai #ChennaiFlood",2021-04-22 17:28:28,Coimbatore,general,
2021-04-23  13:56,1385284241089466379,Manikandan,0,"The days we passed with  this stage of surpassion and dilemma of confusion of what to do..was finally recovered  and gone..Let us live with all kinds of positivity we cherish...#ChennaiFlood",2021-04-22 17:27:55,Cuddalore,volunteer,
2021-04-23  13:56,1385284231887163394,Senju Hashirama,23,"Help out #ChennaiFlood in any way you can. We are a non profitable organisation here to help in any way we can. Dm to donate funds to help save the people.",2021-04-22 17:27:52,Chennai,general,
2021-04-23  13:56,1385282331926138883,Manikandan,0,"#Helpforpeople is providing shelter and food and many other requirements to be satisfied  in these hard situations.We are still warm to help you more and more..Keep in touch whenever u need us #ChennaiFlood",2021-04-22 17:20:19,Coimbatore,general,
2021-04-23  13:56,1385281651752636417,Manikandan,1,"It is very hard to tackle such situation and still we came over with huge tons of help by volunteers and individualenforcement .That's what we needed.Keep motivated and stay united #ChennaiFlood",2021-04-22 17:17:37,Chennai,volunteer,
2021-04-23  13:56,1385280284006895624,Manikandan,23,"We the team of #siragugal is ready to help in this toughest situation by providing basic shelter food and other necessities .Pls contact us in need..#ChennaiFlood",2021-04-22 17:12:11,Coimbatore,Help,
2021-04-23  13:56,1385275176598876160,Kirupha,2,"#ChennaiFlood life is becoming very difficult here. Can't even see the ground. Whole city is submerged in water. Need rescue ASAP üôè",2021-04-22 16:51:53,Cuddalore,general,
2021-04-23  13:56,1385263532715888641,Manikandan,2,"It is very heart throbing situation to be never forgetten in our life.Millions of people and livings have been affected very severely but still we can recover from this worse case. Stay positive..Stay united #ChennaiFlood",2021-04-22 16:05:37,Chennai,volunteer,
2021-04-23  13:56,1385153062914957313,KishoreKumar,36,"#ChennaiFlood Horrific rains in chennai my heart really goes out to everyone out there . I am volunteering to helpguys out there. In case of any emergency contact me",2021-04-22 08:46:39,Coimbatore,volunteer,
2021-04-23  13:56,1385118026186432512,Lovely P Vivek,0,"We #tv_potti is ready to help the people affected by the #chennaiflood so plz believe is and joint hands with us by contacting us.",2021-04-22 06:27:26,Chennai,volunteer,
2021-04-23  13:56,1385117516855320579,Lovely P Vivek,1,"#0_BUDGET_FILMS are ready to help the people affected by #chennaiflood with love. So for any help plz contact us. And plz be stay safeüòá.",2021-04-22 06:25:24,Chennai,volunteer,
2021-04-23  13:56,1385107522206322688,kavinsabapathy,1,"what a unity !!! The team #gang43 and team siragugal were in full swing in helping.#Chennaiflood is  so hilaricous and we are fighting against it.For any hlp..pls contact us",2021-04-22 05:45:42,Chennai,general,
2021-04-23  13:56,1385106967383789568,kavinsabapathy,0,"it is great pleasure for the team of #gang43 that we have  saved 1000 people's life in #Chennaiflood and now we have tied up with team sirugugal and start to hlp even more...tq and we will hlp more.",2021-04-22 05:43:29,Coimbatore,general,
2021-04-23  13:56,1385105820161961984,kavinsabapathy,1,"#gang43 we the team today saved a child who had suffered in #Chennaiflood .We have gave him a place to stay and food.for any hlp..pls contact us.",2021-04-22 05:38:56,Chennai,Help,
2021-04-23  13:56,1385103570379284490,Gokul Smart,1,"#ChennaiFlood A person i know is from a below middle class family.And also he lost his father a week ago. Despite his poor he donated 5000 rupees as a relief fund. How good he is..If he can do this what happened to us..Lets donate.",2021-04-22 05:29:59,Chennai,general,
2021-04-23  13:56,1385101738894499843,Gokul Smart,0,"#ChennaiFlood Everyone should come forward to help people im chennai.Its not only the responsibility of bigshots.",2021-04-22 05:22:43,Cuddalore,general,
2021-04-23  13:56,1385100743267418114,Gokul Smart,0,"#ChennaiFlood Oh God! What a cruel thing happening in Chennai.Many people are suffering.We outsiders must come forward to help the people out there.On behalf of that CIT college students has raised a huge fund.We're gonna donate them to the needy..Please Support us",2021-04-22 05:18:45,Coimbatore,volunteer,
2021-04-23  13:56,1385096030258040837,kavinsabapathy,0,"hai we the team of #gang43 would like to help the people in need those who suffered from #ChennaiFlood .so contact us when u need hlp..",2021-04-22 05:00:02,Coimbatore,Help,
2021-04-23  13:56,1385087641956151302,Parthiban,0,"Got jammed more than a week in chepauk. Need help pls.#ChennaiFlood",2021-04-22 04:26:42,Coimbatore,Help,
2021-04-23  13:56,1385087451891306496,Parthiban,23,"We people from nehru nagar chepauk. Need place to shelter and basic requirements .pls help us #ChennaiFlood",2021-04-22 04:25:56,Chennai,Help,
2021-04-23  13:56,1385087283406245889,Parthiban,1,"Because of heavy flood we got stuck here in Chepauk without proper food and shelter.pls help #ChennaiFlood",2021-04-22 04:25:16,Chennai,Help,
2021-04-23  13:56,1385087069437894658,Parthiban,1,"Need food and drinking water in  chepauk. #ChennaiFlood",2021-04-22 04:24:25,Cuddalore,Help,
2021-04-23  13:56,1385085832453709824,Parthiban,1,"I am kavin .No food no power in adayar #ChennaiFlood",2021-04-22 04:19:30,Chennai,Help,
2021-04-23  13:56,1385085569307271171,Parthiban,1,"Need food and drinking water in  keelpakkam .#ChennaiFlood",2021-04-22 04:18:28,Coimbatore,Help,
2021-04-23  13:56,1385085358631571458,Parthiban,1,"I am kesav from anna nagar.N eed medical help for my child #ChennaiFlood",2021-04-22 04:17:37,Chennai,Help,
2021-04-23  13:56,1385084842660941827,Parthiban,1,"Because of heavy flood we got stuck here in kodambakkam without proper food and shelter.pls help #ChennaiFlood",2021-04-22 04:15:34,Cuddalore,Help,
2021-04-23  13:56,1385084603250077697,Parthiban,0,"I am mani from chepakk.Need medical help for my pregnant wife. #ChennaiFlood",2021-04-22 04:14:37,Coimbatore,Help,
2021-04-23  13:56,1385084347615563778,Parthiban,9,"We people from tnagar.Need place to shelter and basic requirements .pls help us #ChennaiFlood",2021-04-22 04:13:36,Coimbatore,general,
2021-04-23  13:56,1385077736453017606,Gokul Smart,9,"#ChennaiFlood The condition are out of control at ECR.Many houses are fully drowned in Flood.Noone can go out .Manyare so hungry and have nothing to eat..Help needed..Its very urgent",2021-04-22 03:47:20,Chennai,Help,
2021-04-23  13:56,1385076867909128196,Gokul Smart,0,"#ChennaiFlood We are seeking for help to our 80 year old grandfather.He is really in an uncomfortable state..he needs medical help.please help.Location: at ecr",2021-04-22 03:43:53,Chennai,general,
2021-04-23  13:56,1385076283298631688,Gokul Smart,9,"#ChennaiFlood Heavy rain from yesterday night and still continuing..Many people are washed away..Lot of people areseeking for help at cheppakkam.Please share this max.",2021-04-22 03:41:34,Coimbatore,Help,
2021-04-23  13:56,1385075505699778562,Gokul Smart,9,"#ChennaiFlood we got stuck in our house with no food with our 3 years old kid..Help needed..Please save us.please we are at vadapalani",2021-04-22 03:38:28,Cuddalore,Help,
2021-04-23  13:56,1385066971281035264,Niranjan Karthikeyan,9,"#ChennaiFlood Due to flood and rain we've lost oru normal life here in Mylapore. Due to stagnent flood water there's a change of getting diseases. Please rescue us from here",2021-04-22 03:04:33,Chennai,Help,
2021-04-23  13:56,1385066314151043073,Niranjan Karthikeyan,9,"#ChennaiFlood There Exists a heavy flood in Triplicane and I could see many people got trapped on the roofs the building. We need some help.",2021-04-22 03:01:57,Coimbatore,Help,
2021-04-23  13:56,1385029973765885954,Khartikesh,0,"Its an emergency so please help us. We are strcuk in this flood and we did not eat for the past 2 days.. #ChennaiFlood",2021-04-22 00:37:33,Chennai,Help,
2021-04-23  13:56,1385029177976320010,Khartikesh,2,"Many people living near slums have lost their house and everything. They don't have any place to stay. So please help them. #ChennaiFlood",2021-04-22 00:34:23,Coimbatore,Help,
2021-04-23  13:56,1385028262775033856,Khartikesh,0,"Hello everyone.. We are struck in koratur with my friends. So please provide us some food and help us .. #ChennaiFlood",2021-04-22 00:30:45,Cuddalore,Help,
2021-04-23  13:56,1385027971648479232,Kirupha,0,"#ChennaiFlood Have to rescue my 12 year old son from T Nagar School. Can't find her in these floods. Pls help if u are there.... #Rescue",2021-04-22 00:29:35,Cuddalore,Help,
2021-04-23  13:56,1385027573256650756,Khartikesh,0,"We group of people came from gujarat to here for work. So we got struck in this flood. So please help us. #ChennaiFlood",2021-04-22 00:28:00,Chennai,Help,
2021-04-23  13:56,1385025176983769089,Kirupha,0,'#ChennaiFlood came to Chennai few days ago. Still stuck in the Egmore Bus Stand üò≠üò≠üò≠",2021-04-22 00:18:29,Chennai,Help,
2021-04-23  13:56,1384898243331514371,Kowsikthala,4,"#ChennaiFlood There's a heavy rain and Flood since yesterday morning in Triplicane. Our houses are surrounded with flood",2021-04-21 15:54:06,Coimbatore,Help,
2021-04-23  13:56,1384885843928788999,HeadHunter,0,"I am niranjan from adayar got stuck here with my 5 year old child for past 4 days Need emergency help of rescue...immediately #ChennaiFlood",2021-04-21 15:04:49,Coimbatore,Help,
2021-04-23  13:56,1384885750013972492,HeadHunter,0,"Need a boat to rescue old people.Folded hands #ChennaiFlood",2021-04-21 15:04:27,Coimbatore,Help,
2021-04-23  13:56,1384885680854216715,HeadHunter,1,"we need food and water. Our house is fully flooded. Ecr 1st Cross. #ChennaiFlood",2021-04-21 15:04:10,Chennai,general,
2021-04-23  13:56,1384885525652312075,HeadHunter,1,"Happy to see the people of Chennai helping each other and sharing their rations in this time of distress. Humanity still exists..Folded hands #ChennaiFlood",2021-04-21 15:03:33,Cuddalore,Help,
2021-04-23  13:56,1384863365579767814,Uchiha Madara,1,"Medical attention is required for the people in North Madras. Pls tend the needful #ChennaiFlood",2021-04-21 13:35:30,Cuddalore,Help,
2021-04-23  13:56,1384862942601138183,kavinsabapathy,2,"i have no lega..i cannot walk ryt now.. i am too poor to have food for today as all my properties were gone along with the flood..pls hlp me out guys..#ChennaiFlood",2021-04-21 13:33:49,Cuddalore,Help,
2021-04-23  13:56,1384862760387948544,Uchiha Madara,0,"There has been a short supply of food for the people in Parry's corner.Any volunteers nearby the area help the needful. #ChennaiFlood",2021-04-21 13:33:06,Chennai,general,
2021-04-23  13:56,1384862213140328448,Uchiha Madara,0,"This calls for an immediate action by the central government to take steps to ensure the well being of the citizens of Tamil Nadu #ChennaiFlood",2021-04-21 13:30:55,Coimbatore,general,
2021-04-23  13:56,1384861160260792321,Uchiha Madara,0,"Chennai floods caused over 280 casualties.we have to stay together in this times of distress #ChennaiFlood",2021-04-21 13:26:44,Chennai,Help,
2021-04-23  13:56,1384860974763544577,Niranjan Karthikeyan,0,"#ChennaiFlood There's a heavy rain and Flood since yesterday morning in Triplicane. Our houses are surrounded with flood and also we need help and rescue",2021-04-21 13:26:00,Chennai,general,
2021-04-23  13:56,1384860118999703552,Uchiha Madara,4,"Chennai floods is the disastrous event TN has ever witnessed period #ChennaiFlood",2021-04-21 13:22:36,Coimbatore,Help,
2021-04-23  13:56,1384859665805287425,Parthiban,4,"We people from nehru nagar adayar. Need place to shelter and basic requirements .pls help us #ChennaiFlood",2021-04-21 13:20:48,Cuddalore,Help,
2021-04-23  13:56,1384859375051984897,kavinsabapathy,23,"Can anyone pls help me..#ChennaiFlood",2021-04-21 13:19:39,Cuddalore,general,
2021-04-23  13:56,1384859076438470663,Parthiban,23,"Have hope and will come back stronger.#ChennaiFlood",2021-04-21 13:18:27,Chennai,Help,
2021-04-23  13:56,1384858791225790465,Parthiban,0,"Because of heavy flood we got stuck here in egmore without proper food and shelter.pls help #ChennaiFlood",2021-04-21 13:17:19,Coimbatore,Help,
2021-04-23  13:56,1384858281928126468,Parthiban,0,"Got jammed in for more than a week . Need help pls. #ChennaiFlood",2021-04-21 13:15:18,Coimbatore,Help,
2021-04-23  13:56,1384857618011721733,Parthiban,0,"I am ParthiV from adayar.N eed medical help for my pregnant wife.#ChennaiFlood",2021-04-21 13:12:40,Chennai,general,
2021-04-23  13:56,1384856080149323777,Parthiban,0,"Heartbroken to hear such a thing happened #ChennaiFlood",2021-04-21 13:06:33,Cuddalore,general,
2021-04-23  13:56,1384854706128834565,Kesava Raj,36,"I ve seen many volunteers helping to the peoples and proved us we will stand together anytime whenever needed needed...Proud to be a tamilan #ChennaiFlood",2021-04-21 13:01:05,Coimbatore,general,
2021-04-23  13:56,1384854581872525314,Kesava Raj,0,"Lot of people's life and their livings have been devastated..Being a human to see this all was one of the worst situation that we are facing..now. Have hope and will come back stronger...#ChennaiFlood",2021-04-21 13:00:36,Coimbatore,Help,
2021-04-23  13:56,1384854292817924099,Kesava Raj,9,"We people from Gandhi nagar Pallavaram ..our home and livings were completely nourished..Need place to shelter andbasic requirements...pls help us #ChennaiFlood",2021-04-21 12:59:27,Coimbatore,Help,
2021-04-23  13:56,1384854013796143107,Kesava Raj,9,"I am kesav from guindy..Need medical help for my pregnant wife..Seeking for medical requirements for more than a week...pls help us #ChennaiFlood",2021-04-21 12:58:20,Coimbatore,Help,
2021-04-23  13:56,1384853828156133377,Kesava Raj,9,"We group of peoples came here to work from punjab..Becoz of heavy flood we got stuck here in adayar without properfood and shelter...pls help us #ChennaiFlood",2021-04-21 12:57:36,Chennai,general,
2021-04-23  13:56,1384853275543998465,Manikandan,0,"I ve seen many volunteers helping to the peoples and proved us we will stand together anytime whenever needed...Proud to be a tamilan #ChennaiFlood",2021-04-21 12:55:24,Chennai,general,
2021-04-23  13:56,1384852755123105798,Manikandan,0,"Lot of people's life and their livings have been devastated..Being a human to see this all was one of the worst situation that we are facing..now. Have hope and will come back stronger...#ChennaiFlood",2021-04-21 12:53:20,Coimbatore,general,
2021-04-23  13:56,1384852506925277184,Kirupha,0,"A moment of silence for people who died in the #ChennaiFlood #RIPmakkale",2021-04-21 12:52:21,Chennai,Help,
2021-04-23  13:56,1384852368966230018,Manikandan,0,"We people from nehru nagar mamallapuram..our home and livings were completely nourished..Need place to shelter and basic requirements...pls help us #ChennaiFlood",2021-04-21 12:51:48,Chennai,general,
2021-04-23  13:56,1384851976991686656,Kirupha,0,"#ChennaiFlood Chennai floods is an example of nature's retribution against ignorance of the mankind",2021-04-21 12:50:15,Cuddalore,Help,
2021-04-23  13:56,1384851742026776576,Manikandan,0,"I am mani from adayar..Need medical help for my pregnant wife..Seeking for medical requirements for more than a week...pls help us #ChennaiFlood",2021-04-21 12:49:19,Cuddalore,Help,
2021-04-23  13:56,1384851668907528197,Parthiban,2,"Need food and drinking water in kodambakkam .#ChennaiFlood",2021-04-21 12:49:01,Coimbatore,Help,
2021-04-23  13:56,1384850953053130752,Niranjan Karthikeyan,2,"#ChennaiFlood I've lost my little Dog in this heavy rain and flood near adayar. Can anyone see my brown coloured country dog please contact to my number.",2021-04-21 12:46:11,Cuddalore,general,
2021-04-23  13:56,1384849805252329476,Parthiban,2,"Stay strong people of chennai whloe TN stands with you #ChennaiFlood",2021-04-21 12:41:37,Cuddalore,Help,
2021-04-23  13:56,1384849072880709633,Manikandan,0,"We group of peoples came here to work from Haryana...Becoz of heavy flood we got stuck here in Egmore without proper food and shelter...pls help us #ChennaiFlood",2021-04-21 12:38:42,Cuddalore,Help,
2021-04-23  13:56,1384848846484905984,Parthiban,2,"No food no power in tnagar #ChennaiFlood",2021-04-21 12:37:48,Coimbatore,Help,
2021-04-23  13:56,1384847707219582977,Niranjan Karthikeyan,0,"#ChennaiFlood A group of people are suffering from the flood water near Chepauk. They need food and other survival stuffs. please help them",2021-04-21 12:33:17,Chennai,Help,
2021-04-23  13:56,1384804027548925953,Kavin,2,"#chennaiflood 4 people stuck inside the house in omr main road and need people to them immediately.",2021-04-21 09:39:43,Chennai,Help,
2021-04-23  13:56,1384784219117740036,Kavin,2,"#chennaiflood need some medical things and first aid things for the people in anna nagar. please help them.",2021-04-21 08:21:00,Cuddalore,Help,
2021-04-23  13:56,1384772369982451715,Kowsikthala,2,"#ChennaiFlood Here in Anna nagar we are in severe danger We don't have food power due to heavy rain and flood. Please",2021-04-21 07:33:55,Cuddalore,general,
2021-04-23  13:56,1384772364278276098,Kowsikthala,2,"#ChennaiFlood Emergency!! A group of people are stuck here in the rain and Flood near Guindy. Please help them faster.",2021-04-21 07:33:54,Chennai,general,
2021-04-23  13:56,1384760587725414400,Senju Hashirama,0,"Happy to see the people of Chennai helping each other and sharing their rations in this time of distress. Humanitystill exists..‚ù§üôèüèº #ChennaiFlood",2021-04-21 06:47:06,Cuddalore,Help,
2021-04-23  13:56,1384760217536061445,Kesava Raj,2,"Need to help me to search my lost 6 year old son from Tnagar for more than 2 days Couldnt find him and contacting the police in such time is not done...Pls rescue..him #ChennaiFlood",2021-04-21 06:45:38,Coimbatore,Help,
2021-04-23  13:56,1384759729755344897,Kesava Raj,2,"I am kesav from Sembarambakkam New colony Several people suffering with abundant refreshments and food  for past 55 days..staying at open terrace...Need help immediately #ChennaiFlood",2021-04-21 06:43:41,Chennai,Help,
2021-04-23  13:56,1384759216460615682,Kesava Raj,2,"Need help for my grandma of 70 years old diabetic patient from adayar ...Seeking forces of medical help for more than 10 days...pls rescue #ChennaiFlood",2021-04-21 06:41:39,Cuddalore,general,
2021-04-23  13:56,1384758918904127491,Senju Hashirama,2,"My heartfelt condolences for all the people who lost their lives in the Chennai Floods.üôèüèºüôèüèº #ChennaiFlood",2021-04-21 06:40:28,Coimbatore,Help,
2021-04-23  13:56,1384758673902227458,Kesava Raj,2,"I am kesav from guindy Got jammed in here with my 4 year old child for past 5 days...Need emergency help #ChennaiFlood",2021-04-21 06:39:30,Cuddalore,Help,
2021-04-23  13:56,1384758393726914561,Kesava Raj,2,"we need enough of food and shelter near egmore since no forces is here to help us...Need emergency rescue #ChennaiFlood",2021-04-21 06:38:23,Cuddalore,Help,
2021-04-23  13:56,1384757772386930688,Khartikesh,2,"No home no place to sleep and all places are under water.. All the peoples are in need of helpüôè. #ChennaiFlood",2021-04-21 06:35:55,Chennai,general,
2021-04-23  13:56,1384757552559263747,Senju Hashirama,2,"Great effort taken by the army and the police to help the stranded people of Chennai. Kudos !! #StayStrong #ChennaiFlood",2021-04-21 06:35:02,Coimbatore,general,
2021-04-23  13:56,1384756293026541569,Senju Hashirama,2,"The central govt has said that it supports us but where is the relief fund ? People are watching.. #ChennaiFlood",2021-04-21 06:30:02,Cuddalore,Help,
2021-04-23  13:56,1384753862590926852,Jayanth,0,"Need help guys there is need for food and refreshments Rescue need immediately to help 3 people #ChennaiFlood",2021-04-21 06:20:22,Chennai,Help,
2021-04-23  13:56,1384749996625383425,Niranjan Karthikeyan,0,"#ChennaiFlood Here in Anna nagar we are in severe danger We don't have food power due to heavy rain and flood. Please do help us earlier as you can.",2021-04-21 06:05:01,Cuddalore,Help,
2021-04-23  13:56,1384749769369604098,Manikandan,1,"Came here to adayar with my friends..No place to Stay and food.. Got jammed in for more than a week..Need help pls..#ChennaiFlood",2021-04-21 06:04:07,Coimbatore,Help,
2021-04-23  13:56,1384749287347605506,Niranjan Karthikeyan,1,"#ChennaiFlood Emergency!! A group of people are stuck here in the rain and Flood near Guindy. Please help them faster.",2021-04-21 06:02:12,Cuddalore,Help,
2021-04-23  13:56,1384747717658746885,Manikandan,1,"Need to rescue my lost 7 year old daughter from egmore for more than a day Couldnt search her and can't contact thepolice..in such time...pls help..to find her #ChennaiFlood",2021-04-21 05:55:57,Chennai,Help,
2021-04-23  13:56,1384746347010543618,Manikandan,1,"I am mani from Usman road Tnagar Lot of people suffering with abundant food and refreshments for past 3 days..staying at Open terrace...Need rescue immediately...#ChennaiFlood",2021-04-21 05:50:31,Chennai,Help,
2021-04-23  13:56,1384743817262239747,Manikandan,1,"Need medical emergency for my grandpa of 75 years old diabetic patient from egmore ..seeking rescue for more than a week with no medical helps...#ChennaiFlood",2021-04-21 05:40:27,Cuddalore,Help,
2021-04-23  13:56,1384742695914991618,Manikandan,1,"#ChennaiFlood I am manikandan from adayar got stuck here with my 5 year old child for past 4 days Need emergency help of rescue...immediately",2021-04-21 05:36:00,Coimbatore,general,
2021-04-23  13:56,1384740841189642240,Senju Hashirama,2,"Chennai floods is an example of the oncoming global warming #savetheearth #ChennaiFlood",2021-04-21 05:28:38,Chennai,Help,
2021-04-23  13:56,1384740733802860545,Manikandan,23,"We need enough of food and shelter near Guindy since no one has headed  here to help us since...24 hrs .Pls do the needful asap #ChennaiFlood",2021-04-21 05:28:12,Chennai,Help,
2021-04-23  13:56,1384739214462373890,Senju Hashirama,1,"No food no power no place to stay. Shelters are all washed away by the floods. Slum people are in desperate need of help.üôèüèº #SaveSlumPeople #ChennaiFlood",2021-04-21 05:22:10,Cuddalore,general,
2021-04-23  13:56,1384737673890332674,Senju Hashirama,2,"Heartbroken to hear such a thing happened. Stay strong people of Chennai whole TN stands with you.#ChennaiFlood",2021-04-21 05:16:03,Coimbatore,general,
2021-04-23  13:56,1384737204170235905,Senju Hashirama,1,"Devastating news. My heart goes to the ppl of chennaiüôè #ChennaiFlood",2021-04-21 05:14:11,Cuddalore,Help,
2021-04-23  13:56,1384736625188511746,Lovely P Vivek,23,"Need medicine more near enor. Help us. #chennaiflood",2021-04-21 05:11:53,Chennai,Help,
2021-04-23  13:56,1384736468728356868,Lovely P Vivek,1,"Need boat to rescue old peoples near omr. #chennaiflood",2021-04-21 05:11:15,Cuddalore,general,
2021-04-23  13:56,1384736335064272900,Senju Hashirama,2,"Whats the use of Chancey Illa song if no one is coming from the unaffected areas to help the people who are affected. SMHü§¶üèª‚Äç‚ôÄÔ∏è #ChennaiFlood",2021-04-21 05:10:44,Coimbatore,Help,